{"name":"CCE","classpathEntries":[{"kind":"binary","path":"C:\\Program Files\\Java\\jdk1.8.0_221\\jre\\lib\\resources.jar","javadocContainerUrl":"https://docs.oracle.com/javase/1/docs/api/","isSystem":true,"isOwn":false,"isTest":false,"isJavaContent":false},{"kind":"binary","path":"C:\\Program Files\\Java\\jdk1.8.0_221\\jre\\lib\\rt.jar","javadocContainerUrl":"https://docs.oracle.com/javase/1/docs/api/","isSystem":true,"isOwn":false,"isTest":false,"isJavaContent":false},{"kind":"binary","path":"C:\\Program Files\\Java\\jdk1.8.0_221\\jre\\lib\\jsse.jar","javadocContainerUrl":"https://docs.oracle.com/javase/1/docs/api/","isSystem":true,"isOwn":false,"isTest":false,"isJavaContent":false},{"kind":"binary","path":"C:\\Program Files\\Java\\jdk1.8.0_221\\jre\\lib\\jce.jar","javadocContainerUrl":"https://docs.oracle.com/javase/1/docs/api/","isSystem":true,"isOwn":false,"isTest":false,"isJavaContent":false},{"kind":"binary","path":"C:\\Program Files\\Java\\jdk1.8.0_221\\jre\\lib\\charsets.jar","javadocContainerUrl":"https://docs.oracle.com/javase/1/docs/api/","isSystem":true,"isOwn":false,"isTest":false,"isJavaContent":false},{"kind":"binary","path":"C:\\Program Files\\Java\\jdk1.8.0_221\\jre\\lib\\jfr.jar","javadocContainerUrl":"https://docs.oracle.com/javase/1/docs/api/","isSystem":true,"isOwn":false,"isTest":false,"isJavaContent":false},{"kind":"binary","path":"C:\\Users\\ITWILL\\.m2\\repository\\org\\springframework\\spring-context\\5.2.0.RELEASE\\spring-context-5.2.0.RELEASE.jar","sourceContainerUrl":"file:/C:/Users/ITWILL/.m2/repository/org/springframework/spring-context/5.2.0.RELEASE/spring-context-5.2.0.RELEASE-sources.jar","javadocContainerUrl":"file:/C:/Users/ITWILL/.m2/repository/org/springframework/spring-context/5.2.0.RELEASE/spring-context-5.2.0.RELEASE-javadoc.jar","isSystem":false,"isOwn":false,"isTest":false,"isJavaContent":false},{"kind":"binary","path":"C:\\Users\\ITWILL\\.m2\\repository\\org\\springframework\\spring-aop\\5.2.0.RELEASE\\spring-aop-5.2.0.RELEASE.jar","sourceContainerUrl":"file:/C:/Users/ITWILL/.m2/repository/org/springframework/spring-aop/5.2.0.RELEASE/spring-aop-5.2.0.RELEASE-sources.jar","javadocContainerUrl":"file:/C:/Users/ITWILL/.m2/repository/org/springframework/spring-aop/5.2.0.RELEASE/spring-aop-5.2.0.RELEASE-javadoc.jar","isSystem":false,"isOwn":false,"isTest":false,"isJavaContent":false},{"kind":"binary","path":"C:\\Users\\ITWILL\\.m2\\repository\\org\\springframework\\spring-beans\\5.2.0.RELEASE\\spring-beans-5.2.0.RELEASE.jar","sourceContainerUrl":"file:/C:/Users/ITWILL/.m2/repository/org/springframework/spring-beans/5.2.0.RELEASE/spring-beans-5.2.0.RELEASE-sources.jar","javadocContainerUrl":"file:/C:/Users/ITWILL/.m2/repository/org/springframework/spring-beans/5.2.0.RELEASE/spring-beans-5.2.0.RELEASE-javadoc.jar","isSystem":false,"isOwn":false,"isTest":false,"isJavaContent":false},{"kind":"binary","path":"C:\\Users\\ITWILL\\.m2\\repository\\org\\springframework\\spring-core\\5.2.0.RELEASE\\spring-core-5.2.0.RELEASE.jar","sourceContainerUrl":"file:/C:/Users/ITWILL/.m2/repository/org/springframework/spring-core/5.2.0.RELEASE/spring-core-5.2.0.RELEASE-sources.jar","javadocContainerUrl":"file:/C:/Users/ITWILL/.m2/repository/org/springframework/spring-core/5.2.0.RELEASE/spring-core-5.2.0.RELEASE-javadoc.jar","isSystem":false,"isOwn":false,"isTest":false,"isJavaContent":false},{"kind":"binary","path":"C:\\Users\\ITWILL\\.m2\\repository\\org\\springframework\\spring-jcl\\5.2.0.RELEASE\\spring-jcl-5.2.0.RELEASE.jar","sourceContainerUrl":"file:/C:/Users/ITWILL/.m2/repository/org/springframework/spring-jcl/5.2.0.RELEASE/spring-jcl-5.2.0.RELEASE-sources.jar","javadocContainerUrl":"file:/C:/Users/ITWILL/.m2/repository/org/springframework/spring-jcl/5.2.0.RELEASE/spring-jcl-5.2.0.RELEASE-javadoc.jar","isSystem":false,"isOwn":false,"isTest":false,"isJavaContent":false},{"kind":"binary","path":"C:\\Users\\ITWILL\\.m2\\repository\\org\\springframework\\spring-expression\\5.2.0.RELEASE\\spring-expression-5.2.0.RELEASE.jar","sourceContainerUrl":"file:/C:/Users/ITWILL/.m2/repository/org/springframework/spring-expression/5.2.0.RELEASE/spring-expression-5.2.0.RELEASE-sources.jar","javadocContainerUrl":"file:/C:/Users/ITWILL/.m2/repository/org/springframework/spring-expression/5.2.0.RELEASE/spring-expression-5.2.0.RELEASE-javadoc.jar","isSystem":false,"isOwn":false,"isTest":false,"isJavaContent":false},{"kind":"binary","path":"C:\\Users\\ITWILL\\.m2\\repository\\org\\springframework\\spring-webmvc\\5.2.0.RELEASE\\spring-webmvc-5.2.0.RELEASE.jar","sourceContainerUrl":"file:/C:/Users/ITWILL/.m2/repository/org/springframework/spring-webmvc/5.2.0.RELEASE/spring-webmvc-5.2.0.RELEASE-sources.jar","javadocContainerUrl":"file:/C:/Users/ITWILL/.m2/repository/org/springframework/spring-webmvc/5.2.0.RELEASE/spring-webmvc-5.2.0.RELEASE-javadoc.jar","isSystem":false,"isOwn":false,"isTest":false,"isJavaContent":false},{"kind":"binary","path":"C:\\Users\\ITWILL\\.m2\\repository\\org\\springframework\\spring-web\\5.2.0.RELEASE\\spring-web-5.2.0.RELEASE.jar","sourceContainerUrl":"file:/C:/Users/ITWILL/.m2/repository/org/springframework/spring-web/5.2.0.RELEASE/spring-web-5.2.0.RELEASE-sources.jar","javadocContainerUrl":"file:/C:/Users/ITWILL/.m2/repository/org/springframework/spring-web/5.2.0.RELEASE/spring-web-5.2.0.RELEASE-javadoc.jar","isSystem":false,"isOwn":false,"isTest":false,"isJavaContent":false},{"kind":"binary","path":"C:\\Users\\ITWILL\\.m2\\repository\\org\\springframework\\security\\spring-security-web\\5.0.0.RELEASE\\spring-security-web-5.0.0.RELEASE.jar","sourceContainerUrl":"file:/C:/Users/ITWILL/.m2/repository/org/springframework/security/spring-security-web/5.0.0.RELEASE/spring-security-web-5.0.0.RELEASE-sources.jar","javadocContainerUrl":"file:/C:/Users/ITWILL/.m2/repository/org/springframework/security/spring-security-web/5.0.0.RELEASE/spring-security-web-5.0.0.RELEASE-javadoc.jar","isSystem":false,"isOwn":false,"isTest":false,"isJavaContent":false},{"kind":"binary","path":"C:\\Users\\ITWILL\\.m2\\repository\\org\\springframework\\security\\spring-security-core\\5.0.0.RELEASE\\spring-security-core-5.0.0.RELEASE.jar","sourceContainerUrl":"file:/C:/Users/ITWILL/.m2/repository/org/springframework/security/spring-security-core/5.0.0.RELEASE/spring-security-core-5.0.0.RELEASE-sources.jar","javadocContainerUrl":"file:/C:/Users/ITWILL/.m2/repository/org/springframework/security/spring-security-core/5.0.0.RELEASE/spring-security-core-5.0.0.RELEASE-javadoc.jar","isSystem":false,"isOwn":false,"isTest":false,"isJavaContent":false},{"kind":"binary","path":"C:\\Users\\ITWILL\\.m2\\repository\\org\\aspectj\\aspectjrt\\1.8.1\\aspectjrt-1.8.1.jar","sourceContainerUrl":"file:/C:/Users/ITWILL/.m2/repository/org/aspectj/aspectjrt/1.8.1/aspectjrt-1.8.1-sources.jar","javadocContainerUrl":"file:/C:/Users/ITWILL/.m2/repository/org/aspectj/aspectjrt/1.8.1/aspectjrt-1.8.1-javadoc.jar","isSystem":false,"isOwn":false,"isTest":false,"isJavaContent":false},{"kind":"binary","path":"C:\\Users\\ITWILL\\.m2\\repository\\org\\apache\\logging\\log4j\\log4j-core\\2.12.1\\log4j-core-2.12.1.jar","sourceContainerUrl":"file:/C:/Users/ITWILL/.m2/repository/org/apache/logging/log4j/log4j-core/2.12.1/log4j-core-2.12.1-sources.jar","javadocContainerUrl":"file:/C:/Users/ITWILL/.m2/repository/org/apache/logging/log4j/log4j-core/2.12.1/log4j-core-2.12.1-javadoc.jar","isSystem":false,"isOwn":false,"isTest":false,"isJavaContent":false},{"kind":"binary","path":"C:\\Users\\ITWILL\\.m2\\repository\\org\\apache\\logging\\log4j\\log4j-api\\2.12.1\\log4j-api-2.12.1.jar","sourceContainerUrl":"file:/C:/Users/ITWILL/.m2/repository/org/apache/logging/log4j/log4j-api/2.12.1/log4j-api-2.12.1-sources.jar","javadocContainerUrl":"file:/C:/Users/ITWILL/.m2/repository/org/apache/logging/log4j/log4j-api/2.12.1/log4j-api-2.12.1-javadoc.jar","isSystem":false,"isOwn":false,"isTest":false,"isJavaContent":false},{"kind":"binary","path":"C:\\Users\\ITWILL\\.m2\\repository\\org\\apache\\logging\\log4j\\log4j-slf4j-impl\\2.12.1\\log4j-slf4j-impl-2.12.1.jar","sourceContainerUrl":"file:/C:/Users/ITWILL/.m2/repository/org/apache/logging/log4j/log4j-slf4j-impl/2.12.1/log4j-slf4j-impl-2.12.1-sources.jar","javadocContainerUrl":"file:/C:/Users/ITWILL/.m2/repository/org/apache/logging/log4j/log4j-slf4j-impl/2.12.1/log4j-slf4j-impl-2.12.1-javadoc.jar","isSystem":false,"isOwn":false,"isTest":false,"isJavaContent":false},{"kind":"binary","path":"C:\\Users\\ITWILL\\.m2\\repository\\org\\slf4j\\slf4j-api\\1.7.25\\slf4j-api-1.7.25.jar","sourceContainerUrl":"file:/C:/Users/ITWILL/.m2/repository/org/slf4j/slf4j-api/1.7.25/slf4j-api-1.7.25-sources.jar","javadocContainerUrl":"file:/C:/Users/ITWILL/.m2/repository/org/slf4j/slf4j-api/1.7.25/slf4j-api-1.7.25-javadoc.jar","isSystem":false,"isOwn":false,"isTest":false,"isJavaContent":false},{"kind":"binary","path":"C:\\Users\\ITWILL\\.m2\\repository\\javax\\inject\\javax.inject\\1\\javax.inject-1.jar","sourceContainerUrl":"file:/C:/Users/ITWILL/.m2/repository/javax/inject/javax.inject/1/javax.inject-1-sources.jar","javadocContainerUrl":"file:/C:/Users/ITWILL/.m2/repository/javax/inject/javax.inject/1/javax.inject-1-javadoc.jar","isSystem":false,"isOwn":false,"isTest":false,"isJavaContent":false},{"kind":"binary","path":"C:\\Users\\ITWILL\\.m2\\repository\\javax\\servlet\\javax.servlet-api\\3.1.0\\javax.servlet-api-3.1.0.jar","sourceContainerUrl":"file:/C:/Users/ITWILL/.m2/repository/javax/servlet/javax.servlet-api/3.1.0/javax.servlet-api-3.1.0-sources.jar","javadocContainerUrl":"file:/C:/Users/ITWILL/.m2/repository/javax/servlet/javax.servlet-api/3.1.0/javax.servlet-api-3.1.0-javadoc.jar","isSystem":false,"isOwn":false,"isTest":false,"isJavaContent":false},{"kind":"binary","path":"C:\\Users\\ITWILL\\.m2\\repository\\javax\\servlet\\jsp\\javax.servlet.jsp-api\\2.3.2-b02\\javax.servlet.jsp-api-2.3.2-b02.jar","sourceContainerUrl":"file:/C:/Users/ITWILL/.m2/repository/javax/servlet/jsp/javax.servlet.jsp-api/2.3.2-b02/javax.servlet.jsp-api-2.3.2-b02-sources.jar","javadocContainerUrl":"file:/C:/Users/ITWILL/.m2/repository/javax/servlet/jsp/javax.servlet.jsp-api/2.3.2-b02/javax.servlet.jsp-api-2.3.2-b02-javadoc.jar","isSystem":false,"isOwn":false,"isTest":false,"isJavaContent":false},{"kind":"binary","path":"C:\\Users\\ITWILL\\.m2\\repository\\javax\\servlet\\jstl\\1.2\\jstl-1.2.jar","sourceContainerUrl":"file:/C:/Users/ITWILL/.m2/repository/javax/servlet/jstl/1.2/jstl-1.2-sources.jar","isSystem":false,"isOwn":false,"isTest":false,"isJavaContent":false},{"kind":"binary","path":"C:\\Users\\ITWILL\\.m2\\repository\\com\\fasterxml\\jackson\\core\\jackson-databind\\2.9.3\\jackson-databind-2.9.3.jar","sourceContainerUrl":"file:/C:/Users/ITWILL/.m2/repository/com/fasterxml/jackson/core/jackson-databind/2.9.3/jackson-databind-2.9.3-sources.jar","javadocContainerUrl":"file:/C:/Users/ITWILL/.m2/repository/com/fasterxml/jackson/core/jackson-databind/2.9.3/jackson-databind-2.9.3-javadoc.jar","isSystem":false,"isOwn":false,"isTest":false,"isJavaContent":false},{"kind":"binary","path":"C:\\Users\\ITWILL\\.m2\\repository\\com\\fasterxml\\jackson\\core\\jackson-annotations\\2.9.0\\jackson-annotations-2.9.0.jar","sourceContainerUrl":"file:/C:/Users/ITWILL/.m2/repository/com/fasterxml/jackson/core/jackson-annotations/2.9.0/jackson-annotations-2.9.0-sources.jar","javadocContainerUrl":"file:/C:/Users/ITWILL/.m2/repository/com/fasterxml/jackson/core/jackson-annotations/2.9.0/jackson-annotations-2.9.0-javadoc.jar","isSystem":false,"isOwn":false,"isTest":false,"isJavaContent":false},{"kind":"binary","path":"C:\\Users\\ITWILL\\.m2\\repository\\com\\fasterxml\\jackson\\core\\jackson-core\\2.9.3\\jackson-core-2.9.3.jar","sourceContainerUrl":"file:/C:/Users/ITWILL/.m2/repository/com/fasterxml/jackson/core/jackson-core/2.9.3/jackson-core-2.9.3-sources.jar","javadocContainerUrl":"file:/C:/Users/ITWILL/.m2/repository/com/fasterxml/jackson/core/jackson-core/2.9.3/jackson-core-2.9.3-javadoc.jar","isSystem":false,"isOwn":false,"isTest":false,"isJavaContent":false},{"kind":"binary","path":"C:\\Users\\ITWILL\\.m2\\repository\\com\\rometools\\rome\\1.9.0\\rome-1.9.0.jar","sourceContainerUrl":"file:/C:/Users/ITWILL/.m2/repository/com/rometools/rome/1.9.0/rome-1.9.0-sources.jar","javadocContainerUrl":"file:/C:/Users/ITWILL/.m2/repository/com/rometools/rome/1.9.0/rome-1.9.0-javadoc.jar","isSystem":false,"isOwn":false,"isTest":false,"isJavaContent":false},{"kind":"binary","path":"C:\\Users\\ITWILL\\.m2\\repository\\com\\rometools\\rome-utils\\1.9.0\\rome-utils-1.9.0.jar","sourceContainerUrl":"file:/C:/Users/ITWILL/.m2/repository/com/rometools/rome-utils/1.9.0/rome-utils-1.9.0-sources.jar","javadocContainerUrl":"file:/C:/Users/ITWILL/.m2/repository/com/rometools/rome-utils/1.9.0/rome-utils-1.9.0-javadoc.jar","isSystem":false,"isOwn":false,"isTest":false,"isJavaContent":false},{"kind":"binary","path":"C:\\Users\\ITWILL\\.m2\\repository\\org\\jdom\\jdom2\\2.0.6\\jdom2-2.0.6.jar","sourceContainerUrl":"file:/C:/Users/ITWILL/.m2/repository/org/jdom/jdom2/2.0.6/jdom2-2.0.6-sources.jar","javadocContainerUrl":"file:/C:/Users/ITWILL/.m2/repository/org/jdom/jdom2/2.0.6/jdom2-2.0.6-javadoc.jar","isSystem":false,"isOwn":false,"isTest":false,"isJavaContent":false},{"kind":"binary","path":"C:\\Users\\ITWILL\\.m2\\repository\\javax\\validation\\validation-api\\2.0.1.Final\\validation-api-2.0.1.Final.jar","sourceContainerUrl":"file:/C:/Users/ITWILL/.m2/repository/javax/validation/validation-api/2.0.1.Final/validation-api-2.0.1.Final-sources.jar","javadocContainerUrl":"file:/C:/Users/ITWILL/.m2/repository/javax/validation/validation-api/2.0.1.Final/validation-api-2.0.1.Final-javadoc.jar","isSystem":false,"isOwn":false,"isTest":false,"isJavaContent":false},{"kind":"binary","path":"C:\\Users\\ITWILL\\.m2\\repository\\org\\hibernate\\validator\\hibernate-validator\\6.0.7.Final\\hibernate-validator-6.0.7.Final.jar","sourceContainerUrl":"file:/C:/Users/ITWILL/.m2/repository/org/hibernate/validator/hibernate-validator/6.0.7.Final/hibernate-validator-6.0.7.Final-sources.jar","isSystem":false,"isOwn":false,"isTest":false,"isJavaContent":false},{"kind":"binary","path":"C:\\Users\\ITWILL\\.m2\\repository\\org\\jboss\\logging\\jboss-logging\\3.3.0.Final\\jboss-logging-3.3.0.Final.jar","sourceContainerUrl":"file:/C:/Users/ITWILL/.m2/repository/org/jboss/logging/jboss-logging/3.3.0.Final/jboss-logging-3.3.0.Final-sources.jar","javadocContainerUrl":"file:/C:/Users/ITWILL/.m2/repository/org/jboss/logging/jboss-logging/3.3.0.Final/jboss-logging-3.3.0.Final-javadoc.jar","isSystem":false,"isOwn":false,"isTest":false,"isJavaContent":false},{"kind":"binary","path":"C:\\Users\\ITWILL\\.m2\\repository\\com\\fasterxml\\classmate\\1.3.1\\classmate-1.3.1.jar","sourceContainerUrl":"file:/C:/Users/ITWILL/.m2/repository/com/fasterxml/classmate/1.3.1/classmate-1.3.1-sources.jar","javadocContainerUrl":"file:/C:/Users/ITWILL/.m2/repository/com/fasterxml/classmate/1.3.1/classmate-1.3.1-javadoc.jar","isSystem":false,"isOwn":false,"isTest":false,"isJavaContent":false},{"kind":"binary","path":"C:\\Users\\ITWILL\\.m2\\repository\\javax\\el\\javax.el-api\\3.0.1-b04\\javax.el-api-3.0.1-b04.jar","sourceContainerUrl":"file:/C:/Users/ITWILL/.m2/repository/javax/el/javax.el-api/3.0.1-b04/javax.el-api-3.0.1-b04-sources.jar","javadocContainerUrl":"file:/C:/Users/ITWILL/.m2/repository/javax/el/javax.el-api/3.0.1-b04/javax.el-api-3.0.1-b04-javadoc.jar","isSystem":false,"isOwn":false,"isTest":false,"isJavaContent":false},{"kind":"binary","path":"C:\\Users\\ITWILL\\.m2\\repository\\org\\glassfish\\javax.el\\3.0.1-b08\\javax.el-3.0.1-b08.jar","sourceContainerUrl":"file:/C:/Users/ITWILL/.m2/repository/org/glassfish/javax.el/3.0.1-b08/javax.el-3.0.1-b08-sources.jar","javadocContainerUrl":"file:/C:/Users/ITWILL/.m2/repository/org/glassfish/javax.el/3.0.1-b08/javax.el-3.0.1-b08-javadoc.jar","isSystem":false,"isOwn":false,"isTest":false,"isJavaContent":false},{"kind":"binary","path":"C:\\Users\\ITWILL\\.m2\\repository\\joda-time\\joda-time\\2.9.9\\joda-time-2.9.9.jar","sourceContainerUrl":"file:/C:/Users/ITWILL/.m2/repository/joda-time/joda-time/2.9.9/joda-time-2.9.9-sources.jar","javadocContainerUrl":"file:/C:/Users/ITWILL/.m2/repository/joda-time/joda-time/2.9.9/joda-time-2.9.9-javadoc.jar","isSystem":false,"isOwn":false,"isTest":false,"isJavaContent":false},{"kind":"binary","path":"C:\\Users\\ITWILL\\.m2\\repository\\commons-fileupload\\commons-fileupload\\1.3.3\\commons-fileupload-1.3.3.jar","sourceContainerUrl":"file:/C:/Users/ITWILL/.m2/repository/commons-fileupload/commons-fileupload/1.3.3/commons-fileupload-1.3.3-sources.jar","javadocContainerUrl":"file:/C:/Users/ITWILL/.m2/repository/commons-fileupload/commons-fileupload/1.3.3/commons-fileupload-1.3.3-javadoc.jar","isSystem":false,"isOwn":false,"isTest":false,"isJavaContent":false},{"kind":"binary","path":"C:\\Users\\ITWILL\\.m2\\repository\\commons-io\\commons-io\\2.5\\commons-io-2.5.jar","sourceContainerUrl":"file:/C:/Users/ITWILL/.m2/repository/commons-io/commons-io/2.5/commons-io-2.5-sources.jar","javadocContainerUrl":"file:/C:/Users/ITWILL/.m2/repository/commons-io/commons-io/2.5/commons-io-2.5-javadoc.jar","isSystem":false,"isOwn":false,"isTest":false,"isJavaContent":false},{"kind":"binary","path":"C:\\Users\\ITWILL\\.m2\\repository\\org\\hibernate\\hibernate-core\\5.4.7.Final\\hibernate-core-5.4.7.Final.jar","sourceContainerUrl":"file:/C:/Users/ITWILL/.m2/repository/org/hibernate/hibernate-core/5.4.7.Final/hibernate-core-5.4.7.Final-sources.jar","javadocContainerUrl":"file:/C:/Users/ITWILL/.m2/repository/org/hibernate/hibernate-core/5.4.7.Final/hibernate-core-5.4.7.Final-javadoc.jar","isSystem":false,"isOwn":false,"isTest":false,"isJavaContent":false},{"kind":"binary","path":"C:\\Users\\ITWILL\\.m2\\repository\\javax\\persistence\\javax.persistence-api\\2.2\\javax.persistence-api-2.2.jar","sourceContainerUrl":"file:/C:/Users/ITWILL/.m2/repository/javax/persistence/javax.persistence-api/2.2/javax.persistence-api-2.2-sources.jar","javadocContainerUrl":"file:/C:/Users/ITWILL/.m2/repository/javax/persistence/javax.persistence-api/2.2/javax.persistence-api-2.2-javadoc.jar","isSystem":false,"isOwn":false,"isTest":false,"isJavaContent":false},{"kind":"binary","path":"C:\\Users\\ITWILL\\.m2\\repository\\org\\javassist\\javassist\\3.24.0-GA\\javassist-3.24.0-GA.jar","sourceContainerUrl":"file:/C:/Users/ITWILL/.m2/repository/org/javassist/javassist/3.24.0-GA/javassist-3.24.0-GA-sources.jar","javadocContainerUrl":"file:/C:/Users/ITWILL/.m2/repository/org/javassist/javassist/3.24.0-GA/javassist-3.24.0-GA-javadoc.jar","isSystem":false,"isOwn":false,"isTest":false,"isJavaContent":false},{"kind":"binary","path":"C:\\Users\\ITWILL\\.m2\\repository\\net\\bytebuddy\\byte-buddy\\1.10.2\\byte-buddy-1.10.2.jar","sourceContainerUrl":"file:/C:/Users/ITWILL/.m2/repository/net/bytebuddy/byte-buddy/1.10.2/byte-buddy-1.10.2-sources.jar","javadocContainerUrl":"file:/C:/Users/ITWILL/.m2/repository/net/bytebuddy/byte-buddy/1.10.2/byte-buddy-1.10.2-javadoc.jar","isSystem":false,"isOwn":false,"isTest":false,"isJavaContent":false},{"kind":"binary","path":"C:\\Users\\ITWILL\\.m2\\repository\\antlr\\antlr\\2.7.7\\antlr-2.7.7.jar","isSystem":false,"isOwn":false,"isTest":false,"isJavaContent":false},{"kind":"binary","path":"C:\\Users\\ITWILL\\.m2\\repository\\org\\jboss\\spec\\javax\\transaction\\jboss-transaction-api_1.2_spec\\1.1.1.Final\\jboss-transaction-api_1.2_spec-1.1.1.Final.jar","sourceContainerUrl":"file:/C:/Users/ITWILL/.m2/repository/org/jboss/spec/javax/transaction/jboss-transaction-api_1.2_spec/1.1.1.Final/jboss-transaction-api_1.2_spec-1.1.1.Final-sources.jar","javadocContainerUrl":"file:/C:/Users/ITWILL/.m2/repository/org/jboss/spec/javax/transaction/jboss-transaction-api_1.2_spec/1.1.1.Final/jboss-transaction-api_1.2_spec-1.1.1.Final-javadoc.jar","isSystem":false,"isOwn":false,"isTest":false,"isJavaContent":false},{"kind":"binary","path":"C:\\Users\\ITWILL\\.m2\\repository\\org\\jboss\\jandex\\2.0.5.Final\\jandex-2.0.5.Final.jar","sourceContainerUrl":"file:/C:/Users/ITWILL/.m2/repository/org/jboss/jandex/2.0.5.Final/jandex-2.0.5.Final-sources.jar","isSystem":false,"isOwn":false,"isTest":false,"isJavaContent":false},{"kind":"binary","path":"C:\\Users\\ITWILL\\.m2\\repository\\javax\\activation\\javax.activation-api\\1.2.0\\javax.activation-api-1.2.0.jar","sourceContainerUrl":"file:/C:/Users/ITWILL/.m2/repository/javax/activation/javax.activation-api/1.2.0/javax.activation-api-1.2.0-sources.jar","javadocContainerUrl":"file:/C:/Users/ITWILL/.m2/repository/javax/activation/javax.activation-api/1.2.0/javax.activation-api-1.2.0-javadoc.jar","isSystem":false,"isOwn":false,"isTest":false,"isJavaContent":false},{"kind":"binary","path":"C:\\Users\\ITWILL\\.m2\\repository\\org\\dom4j\\dom4j\\2.1.1\\dom4j-2.1.1.jar","sourceContainerUrl":"file:/C:/Users/ITWILL/.m2/repository/org/dom4j/dom4j/2.1.1/dom4j-2.1.1-sources.jar","javadocContainerUrl":"file:/C:/Users/ITWILL/.m2/repository/org/dom4j/dom4j/2.1.1/dom4j-2.1.1-javadoc.jar","isSystem":false,"isOwn":false,"isTest":false,"isJavaContent":false},{"kind":"binary","path":"C:\\Users\\ITWILL\\.m2\\repository\\org\\hibernate\\common\\hibernate-commons-annotations\\5.1.0.Final\\hibernate-commons-annotations-5.1.0.Final.jar","sourceContainerUrl":"file:/C:/Users/ITWILL/.m2/repository/org/hibernate/common/hibernate-commons-annotations/5.1.0.Final/hibernate-commons-annotations-5.1.0.Final-sources.jar","isSystem":false,"isOwn":false,"isTest":false,"isJavaContent":false},{"kind":"binary","path":"C:\\Users\\ITWILL\\.m2\\repository\\javax\\xml\\bind\\jaxb-api\\2.3.1\\jaxb-api-2.3.1.jar","sourceContainerUrl":"file:/C:/Users/ITWILL/.m2/repository/javax/xml/bind/jaxb-api/2.3.1/jaxb-api-2.3.1-sources.jar","javadocContainerUrl":"file:/C:/Users/ITWILL/.m2/repository/javax/xml/bind/jaxb-api/2.3.1/jaxb-api-2.3.1-javadoc.jar","isSystem":false,"isOwn":false,"isTest":false,"isJavaContent":false},{"kind":"binary","path":"C:\\Users\\ITWILL\\.m2\\repository\\org\\glassfish\\jaxb\\jaxb-runtime\\2.3.1\\jaxb-runtime-2.3.1.jar","sourceContainerUrl":"file:/C:/Users/ITWILL/.m2/repository/org/glassfish/jaxb/jaxb-runtime/2.3.1/jaxb-runtime-2.3.1-sources.jar","javadocContainerUrl":"file:/C:/Users/ITWILL/.m2/repository/org/glassfish/jaxb/jaxb-runtime/2.3.1/jaxb-runtime-2.3.1-javadoc.jar","isSystem":false,"isOwn":false,"isTest":false,"isJavaContent":false},{"kind":"binary","path":"C:\\Users\\ITWILL\\.m2\\repository\\org\\glassfish\\jaxb\\txw2\\2.3.1\\txw2-2.3.1.jar","sourceContainerUrl":"file:/C:/Users/ITWILL/.m2/repository/org/glassfish/jaxb/txw2/2.3.1/txw2-2.3.1-sources.jar","javadocContainerUrl":"file:/C:/Users/ITWILL/.m2/repository/org/glassfish/jaxb/txw2/2.3.1/txw2-2.3.1-javadoc.jar","isSystem":false,"isOwn":false,"isTest":false,"isJavaContent":false},{"kind":"binary","path":"C:\\Users\\ITWILL\\.m2\\repository\\com\\sun\\istack\\istack-commons-runtime\\3.0.7\\istack-commons-runtime-3.0.7.jar","sourceContainerUrl":"file:/C:/Users/ITWILL/.m2/repository/com/sun/istack/istack-commons-runtime/3.0.7/istack-commons-runtime-3.0.7-sources.jar","javadocContainerUrl":"file:/C:/Users/ITWILL/.m2/repository/com/sun/istack/istack-commons-runtime/3.0.7/istack-commons-runtime-3.0.7-javadoc.jar","isSystem":false,"isOwn":false,"isTest":false,"isJavaContent":false},{"kind":"binary","path":"C:\\Users\\ITWILL\\.m2\\repository\\org\\jvnet\\staxex\\stax-ex\\1.8\\stax-ex-1.8.jar","sourceContainerUrl":"file:/C:/Users/ITWILL/.m2/repository/org/jvnet/staxex/stax-ex/1.8/stax-ex-1.8-sources.jar","javadocContainerUrl":"file:/C:/Users/ITWILL/.m2/repository/org/jvnet/staxex/stax-ex/1.8/stax-ex-1.8-javadoc.jar","isSystem":false,"isOwn":false,"isTest":false,"isJavaContent":false},{"kind":"binary","path":"C:\\Users\\ITWILL\\.m2\\repository\\com\\sun\\xml\\fastinfoset\\FastInfoset\\1.2.15\\FastInfoset-1.2.15.jar","sourceContainerUrl":"file:/C:/Users/ITWILL/.m2/repository/com/sun/xml/fastinfoset/FastInfoset/1.2.15/FastInfoset-1.2.15-sources.jar","javadocContainerUrl":"file:/C:/Users/ITWILL/.m2/repository/com/sun/xml/fastinfoset/FastInfoset/1.2.15/FastInfoset-1.2.15-javadoc.jar","isSystem":false,"isOwn":false,"isTest":false,"isJavaContent":false},{"kind":"binary","path":"C:\\Users\\ITWILL\\.m2\\repository\\org\\springframework\\spring-test\\5.2.0.RELEASE\\spring-test-5.2.0.RELEASE.jar","sourceContainerUrl":"file:/C:/Users/ITWILL/.m2/repository/org/springframework/spring-test/5.2.0.RELEASE/spring-test-5.2.0.RELEASE-sources.jar","javadocContainerUrl":"file:/C:/Users/ITWILL/.m2/repository/org/springframework/spring-test/5.2.0.RELEASE/spring-test-5.2.0.RELEASE-javadoc.jar","isSystem":false,"isOwn":false,"isTest":false,"isJavaContent":false},{"kind":"binary","path":"C:\\Users\\ITWILL\\.m2\\repository\\junit\\junit\\4.12\\junit-4.12.jar","sourceContainerUrl":"file:/C:/Users/ITWILL/.m2/repository/junit/junit/4.12/junit-4.12-sources.jar","javadocContainerUrl":"file:/C:/Users/ITWILL/.m2/repository/junit/junit/4.12/junit-4.12-javadoc.jar","isSystem":false,"isOwn":false,"isTest":false,"isJavaContent":false},{"kind":"binary","path":"C:\\Users\\ITWILL\\.m2\\repository\\org\\hamcrest\\hamcrest-core\\1.3\\hamcrest-core-1.3.jar","sourceContainerUrl":"file:/C:/Users/ITWILL/.m2/repository/org/hamcrest/hamcrest-core/1.3/hamcrest-core-1.3-sources.jar","javadocContainerUrl":"file:/C:/Users/ITWILL/.m2/repository/org/hamcrest/hamcrest-core/1.3/hamcrest-core-1.3-javadoc.jar","isSystem":false,"isOwn":false,"isTest":false,"isJavaContent":false},{"kind":"binary","path":"C:\\Users\\ITWILL\\.m2\\repository\\org\\xmlunit\\xmlunit-matchers\\2.5.1\\xmlunit-matchers-2.5.1.jar","sourceContainerUrl":"file:/C:/Users/ITWILL/.m2/repository/org/xmlunit/xmlunit-matchers/2.5.1/xmlunit-matchers-2.5.1-sources.jar","javadocContainerUrl":"file:/C:/Users/ITWILL/.m2/repository/org/xmlunit/xmlunit-matchers/2.5.1/xmlunit-matchers-2.5.1-javadoc.jar","isSystem":false,"isOwn":false,"isTest":false,"isJavaContent":false},{"kind":"binary","path":"C:\\Users\\ITWILL\\.m2\\repository\\org\\xmlunit\\xmlunit-core\\2.5.1\\xmlunit-core-2.5.1.jar","sourceContainerUrl":"file:/C:/Users/ITWILL/.m2/repository/org/xmlunit/xmlunit-core/2.5.1/xmlunit-core-2.5.1-sources.jar","javadocContainerUrl":"file:/C:/Users/ITWILL/.m2/repository/org/xmlunit/xmlunit-core/2.5.1/xmlunit-core-2.5.1-javadoc.jar","isSystem":false,"isOwn":false,"isTest":false,"isJavaContent":false},{"kind":"binary","path":"C:\\Users\\ITWILL\\.m2\\repository\\com\\jayway\\jsonpath\\json-path\\2.4.0\\json-path-2.4.0.jar","sourceContainerUrl":"file:/C:/Users/ITWILL/.m2/repository/com/jayway/jsonpath/json-path/2.4.0/json-path-2.4.0-sources.jar","javadocContainerUrl":"file:/C:/Users/ITWILL/.m2/repository/com/jayway/jsonpath/json-path/2.4.0/json-path-2.4.0-javadoc.jar","isSystem":false,"isOwn":false,"isTest":false,"isJavaContent":false},{"kind":"binary","path":"C:\\Users\\ITWILL\\.m2\\repository\\net\\minidev\\json-smart\\2.3\\json-smart-2.3.jar","sourceContainerUrl":"file:/C:/Users/ITWILL/.m2/repository/net/minidev/json-smart/2.3/json-smart-2.3-sources.jar","javadocContainerUrl":"file:/C:/Users/ITWILL/.m2/repository/net/minidev/json-smart/2.3/json-smart-2.3-javadoc.jar","isSystem":false,"isOwn":false,"isTest":false,"isJavaContent":false},{"kind":"binary","path":"C:\\Users\\ITWILL\\.m2\\repository\\net\\minidev\\accessors-smart\\1.2\\accessors-smart-1.2.jar","sourceContainerUrl":"file:/C:/Users/ITWILL/.m2/repository/net/minidev/accessors-smart/1.2/accessors-smart-1.2-sources.jar","javadocContainerUrl":"file:/C:/Users/ITWILL/.m2/repository/net/minidev/accessors-smart/1.2/accessors-smart-1.2-javadoc.jar","isSystem":false,"isOwn":false,"isTest":false,"isJavaContent":false},{"kind":"binary","path":"C:\\Users\\ITWILL\\.m2\\repository\\org\\ow2\\asm\\asm\\5.0.4\\asm-5.0.4.jar","sourceContainerUrl":"file:/C:/Users/ITWILL/.m2/repository/org/ow2/asm/asm/5.0.4/asm-5.0.4-sources.jar","javadocContainerUrl":"file:/C:/Users/ITWILL/.m2/repository/org/ow2/asm/asm/5.0.4/asm-5.0.4-javadoc.jar","isSystem":false,"isOwn":false,"isTest":false,"isJavaContent":false},{"kind":"binary","path":"C:\\Users\\ITWILL\\.m2\\repository\\org\\hamcrest\\hamcrest-library\\1.3\\hamcrest-library-1.3.jar","sourceContainerUrl":"file:/C:/Users/ITWILL/.m2/repository/org/hamcrest/hamcrest-library/1.3/hamcrest-library-1.3-sources.jar","javadocContainerUrl":"file:/C:/Users/ITWILL/.m2/repository/org/hamcrest/hamcrest-library/1.3/hamcrest-library-1.3-javadoc.jar","isSystem":false,"isOwn":false,"isTest":false,"isJavaContent":false},{"kind":"binary","path":"C:\\Users\\ITWILL\\.m2\\repository\\org\\springframework\\spring-orm\\5.2.0.RELEASE\\spring-orm-5.2.0.RELEASE.jar","sourceContainerUrl":"file:/C:/Users/ITWILL/.m2/repository/org/springframework/spring-orm/5.2.0.RELEASE/spring-orm-5.2.0.RELEASE-sources.jar","javadocContainerUrl":"file:/C:/Users/ITWILL/.m2/repository/org/springframework/spring-orm/5.2.0.RELEASE/spring-orm-5.2.0.RELEASE-javadoc.jar","isSystem":false,"isOwn":false,"isTest":false,"isJavaContent":false},{"kind":"binary","path":"C:\\Users\\ITWILL\\.m2\\repository\\org\\springframework\\spring-jdbc\\5.2.0.RELEASE\\spring-jdbc-5.2.0.RELEASE.jar","sourceContainerUrl":"file:/C:/Users/ITWILL/.m2/repository/org/springframework/spring-jdbc/5.2.0.RELEASE/spring-jdbc-5.2.0.RELEASE-sources.jar","javadocContainerUrl":"file:/C:/Users/ITWILL/.m2/repository/org/springframework/spring-jdbc/5.2.0.RELEASE/spring-jdbc-5.2.0.RELEASE-javadoc.jar","isSystem":false,"isOwn":false,"isTest":false,"isJavaContent":false},{"kind":"binary","path":"C:\\Users\\ITWILL\\.m2\\repository\\org\\springframework\\spring-tx\\5.2.0.RELEASE\\spring-tx-5.2.0.RELEASE.jar","sourceContainerUrl":"file:/C:/Users/ITWILL/.m2/repository/org/springframework/spring-tx/5.2.0.RELEASE/spring-tx-5.2.0.RELEASE-sources.jar","javadocContainerUrl":"file:/C:/Users/ITWILL/.m2/repository/org/springframework/spring-tx/5.2.0.RELEASE/spring-tx-5.2.0.RELEASE-javadoc.jar","isSystem":false,"isOwn":false,"isTest":false,"isJavaContent":false},{"kind":"binary","path":"C:\\Users\\ITWILL\\.m2\\repository\\mysql\\mysql-connector-java\\8.0.18\\mysql-connector-java-8.0.18.jar","sourceContainerUrl":"file:/C:/Users/ITWILL/.m2/repository/mysql/mysql-connector-java/8.0.18/mysql-connector-java-8.0.18-sources.jar","isSystem":false,"isOwn":false,"isTest":false,"isJavaContent":false},{"kind":"binary","path":"C:\\Users\\ITWILL\\.m2\\repository\\com\\google\\protobuf\\protobuf-java\\3.6.1\\protobuf-java-3.6.1.jar","sourceContainerUrl":"file:/C:/Users/ITWILL/.m2/repository/com/google/protobuf/protobuf-java/3.6.1/protobuf-java-3.6.1-sources.jar","javadocContainerUrl":"file:/C:/Users/ITWILL/.m2/repository/com/google/protobuf/protobuf-java/3.6.1/protobuf-java-3.6.1-javadoc.jar","isSystem":false,"isOwn":false,"isTest":false,"isJavaContent":false},{"kind":"source","path":"C:\\Users\\ITWILL\\git\\cce\\CCE\\src\\main\\java","outputFolder":"C:\\Users\\ITWILL\\git\\cce\\CCE\\target\\classes","javadocContainerUrl":"file:/C:/Users/ITWILL/git/cce/CCE/target/site/apidocs","isSystem":false,"isOwn":true,"isTest":false,"isJavaContent":true},{"kind":"source","path":"C:\\Users\\ITWILL\\git\\cce\\CCE\\src\\main\\resources","outputFolder":"C:\\Users\\ITWILL\\git\\cce\\CCE\\target\\classes","isSystem":false,"isOwn":true,"isTest":false,"isJavaContent":false},{"kind":"source","path":"C:\\Users\\ITWILL\\git\\cce\\CCE\\src\\test\\resources","outputFolder":"C:\\Users\\ITWILL\\git\\cce\\CCE\\target\\test-classes","isSystem":false,"isOwn":true,"isTest":true,"isJavaContent":false},{"kind":"source","path":"C:\\Users\\ITWILL\\git\\cce\\CCE\\src\\test\\java","outputFolder":"C:\\Users\\ITWILL\\git\\cce\\CCE\\target\\test-classes","javadocContainerUrl":"file:/C:/Users/ITWILL/git/cce/CCE/target/site/apidocs","isSystem":false,"isOwn":true,"isTest":false,"isJavaContent":false}]}