<?xml version="1.0" encoding="UTF-8"?>

<!DOCTYPE hibernate-configuration PUBLIC
        "-//Hibernate/Hibernate Configuration DTD 3.0//EN"
        "http://www.hibernate.org/dtd/hibernate-configuration-3.0.dtd">

<hibernate-configuration>

    <session-factory>

        <!-- JDBC Database connection settings -->
        <property name="connection.driver_class">com.mysql.cj.jdbc.Driver</property>
        <property name="connection.url">jdbc:mysql://127.0.0.1:3306/crypto_currency_exchange?serverTimezone=UTC</property>
        <property name="connection.username">root</property>
        <property name="connection.password">root</property>

        <!-- JDBC connection pool settings ... using built-in test pool -->
        <property name="connection.pool_size">10</property>

        <!-- Select our SQL dialect -->
        <property name="dialect">org.hibernate.dialect.MySQL5Dialect</property>

        <!-- Echo the SQL to stdout -->
        <property name="show_sql">true</property>
        
        <property name="hibernate.id.new_generator_mappings">false</property>

      <!-- Set the current session context -->
      <property name="current_session_context_class">thread</property>
      <mapping class="com.itwill.cryptoExchange.dto.Members"/> 
      <mapping class="com.itwill.cryptoExchange.dto.Booking"/> 
      <mapping class="com.itwill.cryptoExchange.dto.Product"/> 
      <mapping class="com.itwill.cryptoExchange.dto.CurrentBalance"/> 
      <mapping class="com.itwill.cryptoExchange.dto.JumunDetail"/> 
      <mapping class="com.itwill.cryptoExchange.dto.Account"/> 
    </session-factory>

</hibernate-configuration>